round,metrica,detalhe,rep1,rep2,rep3,n,media,desvio_padrao
tps-10,succ,,301,301,301,3,301,0.0
tps-10,fail,,0,0,0,3,0,0.0
tps-10,send_rate_tps,,10.0,10.0,10.0,3,10.0,0.0
tps-10,max_latency_s,,2.65,2.46,2.45,3,2.52,0.11269427669584635
tps-10,min_latency_s,,0.14,0.16,0.22,3,0.17333333333333334,0.04163331998932265
tps-10,avg_latency_s,,1.24,1.23,1.24,3,1.2366666666666666,0.005773502691896263
tps-10,throughput_tps,,9.5,9.5,9.5,3,9.5,0.0
tps-10,duracao_round_s,,31.722,31.718,31.617,3,31.685666666666666,0.05950070027599103
tps-10,capacidade_estimada_tps,,9.488682932980266,9.489879563654707,9.520194831894234,3,9.499585776176403,0.017857991612391867
tps-20,succ,,601,601,601,3,601,0.0
tps-20,fail,,0,0,0,3,0,0.0
tps-20,send_rate_tps,,20.0,20.0,20.0,3,20.0,0.0
tps-20,max_latency_s,,9.49,9.26,9.23,3,9.326666666666666,0.14224392195567914
tps-20,min_latency_s,,0.33,0.14,0.14,3,0.20333333333333334,0.1096965511460289
tps-20,avg_latency_s,,5.01,4.78,4.72,3,4.836666666666667,0.1530795000427337
tps-20,throughput_tps,,15.5,15.5,15.5,3,15.5,0.0
tps-20,duracao_round_s,,38.889,38.888,38.894,3,38.89033333333333,0.003214550253663458
tps-20,capacidade_estimada_tps,,15.45424155930983,15.454638963176302,15.45225484650589,3,15.453711789664007,0.001277299879731383
tps-40,succ,,1201,1201,1201,3,1201,0.0
tps-40,fail,,0,0,0,3,0,0.0
tps-40,send_rate_tps,,40.0,40.0,40.0,3,40.0,0.0
tps-40,max_latency_s,,45.29,45.31,45.49,3,45.36333333333334,0.11015141094572292
tps-40,min_latency_s,,0.25,0.19,0.47,3,0.30333333333333334,0.14742229591663986
tps-40,avg_latency_s,,22.52,22.56,22.89,3,22.656666666666666,0.20305992547357454
tps-40,throughput_tps,,16.0,16.0,16.0,3,16.0,0.0
tps-40,duracao_round_s,,74.941,74.926,75.046,3,74.971,0.06538348415311258
tps-40,capacidade_estimada_tps,,16.025940406453074,16.029148760109976,16.00351784239,3,16.019535669651017,0.01396429289007386
tps-60,succ,,1801,1801,1801,3,1801,0.0
tps-60,fail,,0,0,0,3,0,0.0
tps-60,send_rate_tps,,60.0,60.0,60.0,3,60.0,0.0
tps-60,max_latency_s,,83.01,83.03,83.0,3,83.01333333333334,0.015275252316519529
tps-60,min_latency_s,,0.4,0.46,0.4,3,0.42000000000000004,0.034641016151377546
tps-60,avg_latency_s,,41.29,41.27,41.23,3,41.263333333333335,0.03055050463304061
tps-60,throughput_tps,,16.0,16.0,16.0,3,16.0,0.0
tps-60,duracao_round_s,,112.904,112.983,112.898,3,112.92833333333333,0.047437678414249604
tps-60,capacidade_estimada_tps,,15.951604903280664,15.94045121832488,15.952452656380096,3,15.94816959266188,0.006697734552365431
tps-80,succ,,2048,2048,2048,3,2048,0.0
tps-80,fail,,353,353,353,3,353,0.0
tps-80,send_rate_tps,,80.0,80.0,80.0,3,80.0,0.0
tps-80,max_latency_s,,101.77,101.89,101.76,3,101.80666666666667,0.07234178138070203
tps-80,min_latency_s,,0.63,0.53,0.61,3,0.59,0.052915026221291794
tps-80,avg_latency_s,,51.23,51.15,51.2,3,51.193333333333335,0.04041451884327338
tps-80,throughput_tps,,18.3,18.3,18.3,3,18.3,0.0
tps-80,duracao_round_s,,131.053,131.041,131.045,3,131.04633333333334,0.006110100926609052
tps-80,capacidade_estimada_tps,,15.627265304876653,15.628696362207249,15.628219313976116,3,15.628060327020005,0.0007286555496410118
tps-80,falhas_por_tipo,"Transaction was not mined within 50 blocks, please make sure your transaction was properly sent. Be aware that it might still be mined!",353,353,353,3,353,0.0
