execucao,pasta,inicio,fim_benchmark,valida,motivo_invalidez,deteccao_item_ii,tps10_latencia_media_s,tps20_throughput_tps,tps40_succ,tps40_fail,tps40_fail_nonce_too_distant,tps40_fail_not_mined,rpcnode_sincronizou_na_janela,diagnostico
1,excluidas/rep1-transitorio-node1,2026-10-01T11:58:30-03:00,2026-10-01T12:02:03.073-03:00,não,"(i) blocos em rodada > 0: 13, 15, 18, 21 | (ii) importação por sincronização: node1 #13 a #21 (9)",só PersistBlockTask,3.81,15.5,328,873,871,2,não verificado,diagnostico/rep1-transitorio-node1.txt
2,rep1,2026-10-01T16:23:50-03:00,2026-10-01T16:26:02.275-03:00,sim,,só PersistBlockTask (verificada antes da melhoria),1.31,15.5,320,881,881,0,não verificado,diagnostico/rep1.txt
3,excluidas/rep2-rodada1-bloco10,2026-10-01T16:27:51-03:00,2026-10-01T16:31:23.120-03:00,não,(i) blocos em rodada > 0: 10 | (ii) 'while we are syncing': node3 às 16:28:03.458 parou (while we are syncing),reforçada (diagnóstico regenerado),1.82,15.4,328,873,871,2,não verificado,diagnostico/rep2-rodada1-bloco10.txt
4,rep2,2026-10-01T20:22:52-03:00,2026-10-01T20:26:24.055-03:00,sim,,reforçada,3.39,15.4,328,873,872,1,20:23:02.013 parou (while we are syncing); 20:23:03.288 voltou (following sync),diagnostico/rep2.txt
5,excluidas/rep3-exec5-rodada1-bloco11,2026-10-01T20:29:40-03:00,2026-10-01T20:31:51.244-03:00,não,(i) blocos em rodada > 0: 11 | (ii) 'while we are syncing': node4 às 20:29:54.430 parou (while we are syncing),reforçada,1.99,15.4,328,873,873,0,nenhuma,diagnostico/rep3-exec5-rodada1-bloco11.txt
6,excluidas/rep3-exec6-rodada2-bloco11,2026-10-01T20:34:01-03:00,2026-10-01T20:36:15.271-03:00,não,(i) blocos em rodada > 0: 11,reforçada,9.06,15.4,328,873,873,0,20:34:15.458 parou (while we are syncing); 20:34:15.855 voltou (following sync),diagnostico/rep3-exec6-rodada2-bloco11.txt
7,excluidas/rep3-exec7-rodada1-bloco11,2026-10-01T20:38:31-03:00,2026-10-01T20:40:44.546-03:00,não,(i) blocos em rodada > 0: 11 | (ii) importação por sincronização: node3 #24 a #24 (1); node4 #12 a #12 (1) | (ii) 'while we are syncing': node4 às 20:38:45.308 parou (while we are syncing),reforçada,2.34,15.3,319,882,882,0,nenhuma,diagnostico/rep3-exec7-rodada1-bloco11.txt
8,excluidas/rep3-exec8-rodada1-bloco11,2026-10-01T20:42:49-03:00,2026-10-01T20:46:22.268-03:00,não,(i) blocos em rodada > 0: 11 | (ii) 'while we are syncing': node4 às 20:43:01.951 parou (while we are syncing),reforçada,6.09,15.4,328,873,872,1,nenhuma,diagnostico/rep3-exec8-rodada1-bloco11.txt
9,excluidas/rep3-exec9-sinc-node3,2026-10-01T20:48:40-03:00,2026-10-01T20:50:52.236-03:00,não,(ii) 'while we are syncing': node3 às 20:48:54.577 parou (while we are syncing),reforçada,1.71,15.4,328,873,873,0,nenhuma,diagnostico/rep3-exec9-sinc-node3.txt
10,excluidas/rep3-exec10-rodada2-bloco12,2026-10-01T20:53:01-03:00,2026-10-01T20:56:35.141-03:00,não,(i) blocos em rodada > 0: 12,reforçada,7.12,15.5,328,873,871,2,nenhuma,diagnostico/rep3-exec10-rodada2-bloco12.txt
